ID,first name,last name,Year of hire,Department,Rank,Salary
1,GERALDINE,XIMENA,2011,IT,5,50000
2,GIA,YAMILET,2011,IT,4,40000
3,GIANNA,YARETZI,2011,IT,5,90000
4,GISELLE,ZOE,2011,IT,2,11000
5,GRACE,ZOEY,2011,IT,3,120000
6,GUADALUPE,ABIGAIL,2011,IT,5,45000
7,HAILEY,ADDISON,2011,IT,5,55000
8,HALEY,ADELE,2011,IT,4,60000
9,HANNAH,ADELINE,2011,IT,5,70000
10,HAYLEE,ADINA,2011,IT,4,85000
11,HAYLEY,ADRIANA,2011,IT,5,75000
12,HAZEL,ADRIANNA,2011,IT,2,50000
13,HEAVEN,AHUVA,2011,IT,3,40000
14,HEIDI,ALESSANDRA,2011,IT,5,90000
15,HEIDY,ALESSIA,2011,IT,5,11000
16,HELEN,ALEXA,2011,IT,4,120000
17,IMANI,ALEXANDRA,2011,IT,5,45000
18,INGRID,ALEXIS,2013,IT,4,55000
19,IRENE,ALICE,2013,IT,5,60000
20,IRIS,ALICIA,2013,IT,2,70000
21,ISABEL,ALINA,2013,IT,3,85000
22,ISABELA,ALISA,2013,IT,5,75000
23,ISABELLA,ALIZA,2013,IT,5,50000
24,ISABELLE,ALLISON,2013,IT,4,40000
25,ISIS,ALYSSA,2013,IT,5,90000
26,ITZEL,AMANDA,2013,IT,4,11000
27,IZABELLA,AMELIA,2013,IT,5,120000
28,JACQUELINE,AMELIE,2013,IT,2,45000
29,JADA,AMINA,2013,IT,3,55000
30,JADE,AMIRA,2013,IT,5,60000
31,JAELYNN,AMY,2013,IT,5,70000
32,JAMIE,ANASTASIA,2013,IT,4,85000
33,JANELLE,ANGELICA,2013,IT,5,75000
34,JASLENE,ANGELINA,2013,IT,4,50000
35,JASMIN,ANNA,2013,IT,5,40000
36,JASMINE,ANNABEL,2013,IT,2,90000
37,JAYDA,ANNABELLE,2013,IT,3,11000
38,JAYLA,ARIANA,2013,IT,5,120000
39,JAYLAH,ARIANNA,2014,IT,5,45000
40,JAYLEEN,ARIEL,2014,IT,4,55000
41,JAYLENE,ARIELA,2014,IT,5,60000
42,JAYLIN,ARIELLA,2014,IT,4,70000
43,JAYLYN,ASHLEY,2014,IT,5,85000
44,JAZLYN,ATARA,2014,IT,2,75000
45,JAZMIN,AUBREY,2014,IT,3,50000
46,JAZMINE,AUDREY,2014,IT,5,40000
47,JENNIFER,AUTUMN,2014,IT,5,90000
48,JESSICA,AVA,2014,IT,4,11000
49,JIMENA,AVERY,2014,IT,5,120000
50,JOCELYN,AVIGAIL,2014,IT,4,45000
51,JOHANNA,AVIVA,2014,IT,5,55000
52,JOSELYN,AYLA,2014,IT,2,60000
53,JULIA,BAILA,2014,IT,3,70000
54,JULIANA,BARBARA,2014,IT,5,85000
55,JULIANNA,BATSHEVA,2014,IT,5,75000
56,JULIET,BATYA,2014,IT,4,50000
57,JULIETTE,BEATRICE,2014,IT,5,40000
58,JULISSA,BELLA,2014,IT,4,90000
59,KAELYN,BIANCA,2014,IT,5,11000
60,KAILEY,BLAKE,2021,IT,2,120000
61,KAILYN,BLIMA,2021,IT,3,45000
62,KAITLYN,BLIMY,2021,IT,5,55000
63,KAMILA,BRACHA,2021,IT,5,60000
64,KAREN,BREINDY,2021,IT,4,70000
65,KARLA,BRIANNA,2021,IT,5,85000
66,KATE,BRIDGET,2021,IT,4,75000
67,KATELYN,BROOKE,2021,IT,5,50000
68,KATELYNN,BROOKLYN,2021,IT,2,40000
69,KATHERINE,BRUCHA,2021,IT,3,90000
70,KATIE,BRUCHY,2021,IT,5,11000
71,KAYLA,BRYNN,2021,IT,5,120000
72,KAYLEE,CAITLIN,2021,IT,4,45000
73,KAYLEEN,CAMERON,2021,IT,5,55000
74,KAYLEIGH,CAROLINE,2021,IT,4,60000
75,KAYLIE,CASEY,2021,IT,5,70000
76,KAYLIN,CATHERINE,2021,IT,2,85000
77,KEILY,CECILIA,2021,IT,3,75000
78,KELLY,CELIA,2021,IT,5,50000
79,KEYLA,CHANA,2021,IT,5,40000
80,KHLOE,CHANY,2021,IT,4,90000
81,KIARA,CHARLIE,2021,IT,5,11000
82,KIMBERLY,CHARLOTTE,2021,IT,4,120000
83,KRYSTAL,CHAVA,2022,IT,5,45000
84,KYLEE,CHAVY,2022,IT,2,55000
85,KYLIE,CHAYA,2022,IT,3,60000
86,LAILA,CHLOE,2022,IT,5,70000
87,LAURA,CHRISTINA,2022,IT,5,85000
88,LAUREN,CLAIRE,2022,IT,4,75000
89,LAYLA,CLARA,2022,IT,5,50000
90,LEA,COLETTE,2022,IT,4,40000
91,LEAH,CORA,2022,IT,5,90000
92,LEILA,DAHLIA,2022,IT,2,11000
93,LEILANI,DAISY,2022,IT,3,120000
94,LESLEY,DALIA,2022,IT,5,45000
95,LESLIE,DANIELA,2022,IT,5,55000
96,LESLY,DANIELLA,2022,IT,4,60000
97,LEYLA,DANIELLE,2022,IT,5,70000
98,LIA,DEVORA,2022,IT,4,85000
99,LIANA,DEVORAH,2022,IT,5,75000
100,LILIANA,DIANA,2022,sales,2,50000
101,LILY,DINA,2022,sales,3,40000
102,LINDSAY,DYLAN,2022,sales,5,90000
103,LIZBETH,EDEN,2022,sales,5,11000
104,LONDON,ELEANOR,2022,sales,4,120000
105,LUCIA,ELENA,2022,sales,5,45000
106,LUNA,ELIANA,2022,sales,4,55000
107,LUZ,ELISE,2022,sales,5,60000
108,MADELINE,ELISHEVA,2022,sales,2,70000
109,MADELYN,ELIZA,2022,sales,3,85000
110,MADISON,ELIZABETH,2022,sales,5,75000
111,MAKAYLA,ELLA,2022,sales,5,50000
112,MARIA,ELLE,2022,sales,4,40000
113,MARIAH,ELLIANA,2022,sales,5,90000
114,MARIANA,ELLIE,2022,sales,4,11000
115,MARILYN,ELOISE,2022,sales,5,120000
116,MARISOL,EMERSON,2022,sales,2,45000
117,MAYA,EMILIA,2022,sales,3,55000
118,MEGAN,EMILY,2022,sales,5,60000
119,MELANIE,EMMA,2022,sales,5,70000
120,MELANY,ERIN,2022,sales,4,85000
121,MELISSA,ESTER,2022,sales,5,75000
122,MELODY,ESTHER,2022,sales,4,50000
123,MIA,ESTY,2022,sales,5,40000
124,MIAH,ETTY,2022,sales,2,90000
125,MICHELLE,EVA,2022,sales,3,11000
126,MIKAELA,EVE,2022,sales,5,120000
127,MIKAYLA,EVELYN,2022,sales,5,45000
128,MILA,FAIGA,2022,sales,4,55000
129,MILEY,FAIGY,2022,sales,5,60000
130,MIRANDA,FINLEY,2022,HR,4,70000
131,MIRIAM,FIONA,2022,HR,5,50000
132,MYA,FRADEL,2022,HR,2,40000
133,NADIA,FRAIDY,2022,HR,3,90000
134,NANCY,FRANCESCA,2022,HR,5,11000
135,NAOMI,FRIMET,2022,HR,5,120000
136,NATALIA,GABRIELA,2022,HR,4,45000
137,NATALIE,GABRIELLA,2022,HR,5,55000
138,NATALY,GABRIELLE,2022,HR,4,50000
139,NATASHA,GEMMA,2022,HR,5,40000
140,NATHALIA,GENEVIEVE,2022,HR,2,90000
141,NATHALIE,GEORGIA,2022,HR,3,11000
142,NATHALY,GIA,2022,HR,5,120000
143,NAYELI,GIANNA,2022,HR,5,45000
144,NEVAEH,GIOVANNA,2022,HR,4,55000
145,NICOLE,GITTEL,2022,HR,5,60000
146,NINA,GITTY,2022,HR,4,70000
147,NOEMI,GIULIANA,2022,HR,5,50000
148,NYLA,GOLDA,2022,HR,2,40000
149,OLIVIA,GOLDY,2022,HR,3,90000
150,PAOLA,GRACE,2022,HR,5,11000
151,PENELOPE,GRETA,2022,HR,5,120000
152,PERLA,HADASSA,2022,HR,4,45000
153,RACHEL,HADASSAH,2022,HR,5,55000
154,RAQUEL,HAILEY,2022,HR,4,60000
155,REBECCA,HANNA,2022,HR,5,70000
156,RIHANNA,HANNAH,2022,Marketing,2,50000
157,RILEY,HARPER,2022,Marketing,3,40000
158,ROSA,HAZEL,2022,Marketing,5,90000
159,ROSE,HENNY,2022,Marketing,5,11000
160,ROSELYN,HINDY,2022,Marketing,4,120000
161,RUBY,IDY,2022,Marketing,5,45000
162,SABRINA,ILANA,2022,Marketing,4,55000
163,SADIE,Jared,2022,Marketing,5,60000
164,SAMANTHA,ISABEL,2022,Marketing,2,50000
165,SAMARA,ISABELLA,2022,Marketing,3,40000
166,SARA,ISABELLE,2022,Marketing,5,90000
167,SARAH,ISLA,2022,Marketing,5,11000
168,SARAI,IVY,2022,Marketing,4,120000
169,SARIAH,IZABELLA,2024,Marketing,5,45000
170,SASHA,JACQUELINE,2024,Marketing,4,55000
171,SAVANNA,JANE,2024,Marketing,5,60000
172,SAVANNAH,JASMINE,2024,Marketing,2,70000
173,SCARLET,JENNA,2024,Marketing,3,85000
174,SCARLETT,JESSICA,2024,Accounting,5,50000
175,SELENA,JORDYN,2024,Accounting,5,40000
176,SERENITY,JOSEPHINE,2024,Accounting,4,90000
177,SHERLYN,JOYCE,2024,Accounting,5,11000
178,SHIRLEY,JULIA,2024,Accounting,4,120000
179,SIENNA,JULIANA,2024,Accounting,5,45000
180,SKYLA,JULIANNA,2024,Accounting,2,55000
181,SKYLAR,JULIE,2024,Accounting,3,60000
182,SOFIA,JULIET,2024,Accounting,5,70000
183,SOPHIA,JULIETTE,2024,Accounting,5,85000
184,SOPHIE,KAITLYN,2024,Accounting,4,75000
2012,mohammed,alobid,2024,Marketing,5,100000
0065,Ashly,Smith,2024,Marketing,5,90000
